Date,69302 Rangitata River at Klondyke,
,Discharge (m3/s),
,Mean,Quality 
1/01/2015,294.233,30
2/01/2015,164.709,30
3/01/2015,126.485,30
4/01/2015,109.859,30
5/01/2015,101.123,30
6/01/2015,97.021,30
7/01/2015,95.801,30
8/01/2015,90.306,30
9/01/2015,84.603,30
10/01/2015,79.796,30
11/01/2015,75.509,30
12/01/2015,90.57,30
13/01/2015,95.048,30
14/01/2015,82.003,30
15/01/2015,75.939,30
16/01/2015,71.68,30
17/01/2015,100.597,30
18/01/2015,111.253,30
19/01/2015,112.579,30
20/01/2015,108.25,30
21/01/2015,87.412,30
22/01/2015,74.294,30
23/01/2015,67.613,30
24/01/2015,65.127,30
25/01/2015,63.621,30
26/01/2015,62.39,30
27/01/2015,61.688,30
28/01/2015,61.116,30
29/01/2015,60.558,30
30/01/2015,61.073,30
31/01/2015,62.27,30
1/02/2015,70.38,30
2/02/2015,107.601,30
3/02/2015,215.556,30
4/02/2015,130.677,30
5/02/2015,118.442,30
6/02/2015,91.322,30
7/02/2015,77.104,30
8/02/2015,70.484,30
9/02/2015,69.974,30
10/02/2015,84.986,30
11/02/2015,71.59,30
12/02/2015,65.895,30
13/02/2015,62.53,30
14/02/2015,61.109,30
15/02/2015,57.804,30
16/02/2015,54.433,30
17/02/2015,52.48,30
18/02/2015,51.371,10
19/02/2015,50.881,10
20/02/2015,50.788,10
21/02/2015,49.96,10
22/02/2015,53.24,10
23/02/2015,50.745,10
24/02/2015,50.084,10
25/02/2015,49.145,10
26/02/2015,50.457,10
27/02/2015,48.898,10
28/02/2015,47.715,10
1/03/2015,48.765,10
2/03/2015,52.698,10
3/03/2015,66.686,10
4/03/2015,71.499,10
5/03/2015,60.257,10
6/03/2015,93.712,10
7/03/2015,157.149,10
8/03/2015,130.765,10
9/03/2015,88.101,10
10/03/2015,73.7,10
11/03/2015,67.593,10
12/03/2015,62.892,10
13/03/2015,60.319,10
14/03/2015,58.858,10
15/03/2015,55.97,10
16/03/2015,53.896,10
17/03/2015,52.566,10
18/03/2015,50.721,10
19/03/2015,49.245,10
20/03/2015,48.14,10
21/03/2015,46.939,10
22/03/2015,50.227,10
23/03/2015,48.942,10
24/03/2015,47.306,10
25/03/2015,46.481,10
26/03/2015,45.975,10
27/03/2015,45.59,10
28/03/2015,45.341,10
29/03/2015,45.423,10
30/03/2015,46.546,10
31/03/2015,45.933,10
1/04/2015,45.243,10
2/04/2015,44.531,10
3/04/2015,43.896,10
4/04/2015,43.179,10
5/04/2015,43.711,10
6/04/2015,43.846,10
7/04/2015,142.692,10
8/04/2015,126.165,10
9/04/2015,88.514,10
10/04/2015,107.844,10
11/04/2015,94.598,10
12/04/2015,77.806,10
13/04/2015,98.227,10
14/04/2015,80.231,10
15/04/2015,69.498,10
16/04/2015,63.383,10
17/04/2015,59.281,10
18/04/2015,58.643,10
19/04/2015,56.409,10
20/04/2015,54.386,10
21/04/2015,54.034,10
22/04/2015,54.575,10
23/04/2015,53.408,10
24/04/2015,52.331,10
25/04/2015,51.023,10
26/04/2015,94.837,10
27/04/2015,360.74,10
28/04/2015,278.557,10
29/04/2015,177.53,10
30/04/2015,131.035,10
1/05/2015,106.684,10
2/05/2015,91.625,10
3/05/2015,81.422,10
4/05/2015,74.395,10
5/05/2015,69.144,10
6/05/2015,210.97,10
7/05/2015,480.108,10
8/05/2015,257.304,10
9/05/2015,186.306,10
10/05/2015,178.105,10
11/05/2015,154.749,10
12/05/2015,320.552,10
13/05/2015,238.811,10
14/05/2015,258.122,10
15/05/2015,196.295,10
16/05/2015,150.096,10
17/05/2015,123.616,10
18/05/2015,106.451,10
19/05/2015,94.524,10
20/05/2015,85.698,10
21/05/2015,81.859,10
22/05/2015,88.443,10
23/05/2015,79.627,10
24/05/2015,72.822,10
25/05/2015,67.55,10
26/05/2015,63.593,10
27/05/2015,60.466,10
28/05/2015,57.622,10
29/05/2015,55.21,10
30/05/2015,54.175,10
31/05/2015,53.719,10
1/06/2015,51.842,10
2/06/2015,53.544,10
3/06/2015,63.354,10
4/06/2015,63.665,10
5/06/2015,58.957,10
6/06/2015,55.696,10
7/06/2015,53.295,10
8/06/2015,51.533,10
9/06/2015,52.158,10
10/06/2015,220.216,20
11/06/2015,157.673,20
12/06/2015,106.112,20
13/06/2015,97.315,20
14/06/2015,81.309,20
15/06/2015,73.297,20
16/06/2015,67.436,20
17/06/2015,62.681,10
18/06/2015,83.37,10
19/06/2015,148.944,10
20/06/2015,237.636,10
21/06/2015,151.248,10
22/06/2015,117.42,10
23/06/2015,96.438,10
24/06/2015,84.826,10
25/06/2015,76.92,10
26/06/2015,73.802,10
27/06/2015,82.29,10
28/06/2015,76.762,10
29/06/2015,86.411,10
30/06/2015,87.763,10
1/07/2015,78.909,10
2/07/2015,73.173,10
3/07/2015,117.347,10
4/07/2015,121.696,10
5/07/2015,96.751,10
6/07/2015,90.666,10
7/07/2015,79.25,10
8/07/2015,71.647,10
9/07/2015,67.035,10
10/07/2015,63.236,10
11/07/2015,59.975,10
12/07/2015,57.441,10
13/07/2015,55.494,10
14/07/2015,54.535,10
15/07/2015,64.535,10
16/07/2015,85.858,10
17/07/2015,73.143,10
18/07/2015,66.321,10
19/07/2015,62.209,10
20/07/2015,58.881,10
21/07/2015,56.515,10
22/07/2015,54.909,10
23/07/2015,53.562,10
24/07/2015,52.447,10
25/07/2015,51.475,10
26/07/2015,55.701,10
27/07/2015,57.896,10
28/07/2015,57.149,10
29/07/2015,57.851,10
30/07/2015,55.709,10
31/07/2015,54.405,10
1/08/2015,54.291,10
2/08/2015,53.527,10
3/08/2015,64.509,10
4/08/2015,161.036,10
5/08/2015,134.709,10
6/08/2015,99.863,10
7/08/2015,85.556,10
8/08/2015,78.08,10
9/08/2015,69.344,10
10/08/2015,64.362,10
11/08/2015,60.782,10
12/08/2015,58.274,10
13/08/2015,56.493,10
14/08/2015,61.796,10
15/08/2015,74.534,10
16/08/2015,74.121,10
17/08/2015,68.692,10
18/08/2015,65.398,10
19/08/2015,78.399,10
20/08/2015,71.553,10
21/08/2015,66.106,10
22/08/2015,62.659,10
23/08/2015,60.257,10
24/08/2015,58.097,10
25/08/2015,60.079,10
26/08/2015,57.191,10
27/08/2015,55.191,10
28/08/2015,54.019,10
29/08/2015,53.597,10
30/08/2015,55.658,10
31/08/2015,56.726,10
1/09/2015,57.435,10
2/09/2015,68.02,10
3/09/2015,74.14,10
4/09/2015,66.825,10
5/09/2015,64.661,10
6/09/2015,62.841,10
7/09/2015,59.409,10
8/09/2015,57.298,10
9/09/2015,55.653,10
10/09/2015,55.072,10
11/09/2015,55.903,10
12/09/2015,54.901,10
13/09/2015,53.281,10
14/09/2015,52.454,10
15/09/2015,51.525,10
16/09/2015,51.044,10
17/09/2015,51.356,10
18/09/2015,56.603,10
19/09/2015,63.768,10
20/09/2015,59.518,10
21/09/2015,56.466,10
22/09/2015,54.567,10
23/09/2015,53.67,10
24/09/2015,53.141,10
25/09/2015,52.2,10
26/09/2015,51.496,10
27/09/2015,50.824,10
28/09/2015,50.021,10
29/09/2015,49.605,10
30/09/2015,49.266,10
1/10/2015,49.927,10
2/10/2015,51.031,10
3/10/2015,51.604,10
4/10/2015,53.374,10
5/10/2015,74.844,10
6/10/2015,70.501,10
7/10/2015,69.977,10
8/10/2015,93.426,10
9/10/2015,90.514,10
10/10/2015,81.491,10
11/10/2015,75.886,10
12/10/2015,72.353,10
13/10/2015,124.29,10
14/10/2015,134.767,10
15/10/2015,110.622,10
16/10/2015,94.679,10
17/10/2015,103.186,10
18/10/2015,150.373,10
19/10/2015,136.091,10
20/10/2015,105.55,10
21/10/2015,90.151,10
22/10/2015,164.12,10
23/10/2015,143.75,10
24/10/2015,110.798,10
25/10/2015,93.69,10
26/10/2015,84.653,10
27/10/2015,80.742,10
28/10/2015,80.086,10
29/10/2015,81.189,10
30/10/2015,77.838,10
31/10/2015,71.681,10
1/11/2015,68.006,10
2/11/2015,66.201,10
3/11/2015,66.53,10
4/11/2015,73.975,10
5/11/2015,69.03,10
6/11/2015,64.227,10
7/11/2015,61.929,10
8/11/2015,60.111,10
9/11/2015,60.867,10
10/11/2015,63.402,10
11/11/2015,70.432,10
12/11/2015,77.053,10
13/11/2015,69.968,10
14/11/2015,64.262,10
15/11/2015,62.207,10
16/11/2015,61.845,10
17/11/2015,58.206,10
18/11/2015,56.57,10
19/11/2015,56.014,10
20/11/2015,61.434,10
21/11/2015,91.778,10
22/11/2015,77.628,10
23/11/2015,69.599,10
24/11/2015,83.073,10
25/11/2015,131.004,10
26/11/2015,116.556,10
27/11/2015,337.784,30
28/11/2015,328.785,30
29/11/2015,168.228,30
30/11/2015,124.266,30
1/12/2015,107.749,30
2/12/2015,145.549,30
3/12/2015,254.352,30
4/12/2015,343.41,10
5/12/2015,194.467,10
6/12/2015,153.911,10
7/12/2015,126.807,10
8/12/2015,109.045,10
9/12/2015,97.41,10
10/12/2015,91.703,10
11/12/2015,90.598,10
12/12/2015,86.554,10
13/12/2015,152.678,10
14/12/2015,120.063,10
15/12/2015,94.805,10
16/12/2015,88.92,10
17/12/2015,89.636,10
18/12/2015,78.95,10
19/12/2015,73.117,10
20/12/2015,70.571,10
21/12/2015,71.284,10
22/12/2015,110.19,10
23/12/2015,117.52,10
24/12/2015,91.842,10
25/12/2015,82.342,10
26/12/2015,78.193,10
27/12/2015,78.438,10
28/12/2015,77.705,10
29/12/2015,75.719,10
30/12/2015,75.925,10
31/12/2015,73.199,10
1/01/2016,69.527,10
2/01/2016,72.367,10
3/01/2016,78.068,10
4/01/2016,80.889,10
5/01/2016,71.139,10
6/01/2016,66.052,10
7/01/2016,63.421,10
8/01/2016,147.523,10
9/01/2016,173.848,10
10/01/2016,107.466,10
11/01/2016,90.149,10
12/01/2016,81.196,10
13/01/2016,78.379,10
14/01/2016,74.41,10
15/01/2016,69.518,10
16/01/2016,119.237,10
17/01/2016,113.472,10
18/01/2016,98.676,10
19/01/2016,104.911,10
20/01/2016,96.559,10
21/01/2016,86.745,10
22/01/2016,80.009,10
23/01/2016,78.333,10
24/01/2016,96.555,10
25/01/2016,203.299,10
26/01/2016,206.483,10
27/01/2016,165.638,10
28/01/2016,147.798,10
29/01/2016,122.55,10
30/01/2016,102.613,10
31/01/2016,90.212,10
1/02/2016,83.498,10
2/02/2016,79.312,10
3/02/2016,79.65,10
4/02/2016,78.702,10
5/02/2016,81.075,10
6/02/2016,75.926,10
7/02/2016,71.023,10
8/02/2016,69.165,10
9/02/2016,67.323,10
10/02/2016,65.288,10
11/02/2016,60.507,10
12/02/2016,57.071,10
13/02/2016,55.366,10
14/02/2016,54.077,10
15/02/2016,52.204,10
16/02/2016,51.734,10
17/02/2016,129.352,10
18/02/2016,321.675,10
19/02/2016,409.157,10
20/02/2016,230.483,10
21/02/2016,157.583,10
22/02/2016,125.332,10
23/02/2016,105.575,10
24/02/2016,92.522,10
25/02/2016,89.093,10
26/02/2016,92.898,10
27/02/2016,90.885,10
28/02/2016,93.185,10
29/02/2016,76.997,10
1/03/2016,70.403,10
2/03/2016,63.775,10
3/03/2016,59.764,10
4/03/2016,57.353,10
5/03/2016,55.811,10
6/03/2016,55.943,10
7/03/2016,58.353,10
8/03/2016,84.733,10
9/03/2016,81.337,10
10/03/2016,63.245,10
11/03/2016,78.888,10
12/03/2016,61.992,20
13/03/2016,55.882,20
14/03/2016,52.994,20
15/03/2016,54.652,20
16/03/2016,80.064,20
17/03/2016,68.717,10
18/03/2016,59.498,10
19/03/2016,84.828,10
20/03/2016,162.722,10
21/03/2016,115.73,10
22/03/2016,91.511,10
23/03/2016,76.577,10
24/03/2016,190.769,10
25/03/2016,148.39,10
26/03/2016,99.21,10
27/03/2016,81.425,10
28/03/2016,71.732,10
29/03/2016,65.835,10
30/03/2016,61.041,10
31/03/2016,57.743,10
1/04/2016,55.668,10
2/04/2016,56.679,10
3/04/2016,56.03,10
4/04/2016,67.368,10
5/04/2016,58.634,10
6/04/2016,53.715,10
7/04/2016,51.201,10
8/04/2016,66.044,10
9/04/2016,65.087,10
10/04/2016,55.432,10
11/04/2016,51.176,10
12/04/2016,98.499,10
13/04/2016,91.302,10
14/04/2016,66.344,10
15/04/2016,58.566,10
16/04/2016,54.572,10
17/04/2016,51.474,10
18/04/2016,50.392,10
19/04/2016,48.863,10
20/04/2016,47.403,10
21/04/2016,46.2,10
22/04/2016,45.286,10
23/04/2016,45.781,10
24/04/2016,82.392,10
25/04/2016,58.732,10
26/04/2016,52.047,10
27/04/2016,49.241,10
28/04/2016,46.983,10
29/04/2016,45.264,10
30/04/2016,44.295,10
1/05/2016,43.536,10
2/05/2016,43.012,10
3/05/2016,56.638,10
4/05/2016,62.807,10
5/05/2016,189.672,10
6/05/2016,99.619,10
7/05/2016,71.318,10
8/05/2016,61.311,10
9/05/2016,55.98,10
10/05/2016,53.724,10
11/05/2016,151.15,10
12/05/2016,327.608,10
13/05/2016,489.6,30
14/05/2016,273.821,30
15/05/2016,215.025,30
16/05/2016,293.76,30
17/05/2016,313.4,30
18/05/2016,210.38,30
19/05/2016,172.661,30
20/05/2016,146.105,30
21/05/2016,153.675,30
22/05/2016,121.912,30
23/05/2016,106.248,30
24/05/2016,94.133,30
25/05/2016,84.805,30
26/05/2016,79.297,30
27/05/2016,73.941,30
28/05/2016,91.036,30
29/05/2016,88.1,30
30/05/2016,79.161,30
31/05/2016,71.671,30
1/06/2016,66.739,30
2/06/2016,62.456,30
3/06/2016,59.28,30
4/06/2016,56.744,30
5/06/2016,54.838,30
6/06/2016,53.324,30
7/06/2016,52.048,30
8/06/2016,51.185,30
9/06/2016,51,30
10/06/2016,169.928,30
11/06/2016,228.928,30
12/06/2016,186.317,30
13/06/2016,143.465,30
14/06/2016,111.178,30
15/06/2016,98.552,30
16/06/2016,93.643,30
17/06/2016,82.462,30
18/06/2016,74.743,30
19/06/2016,76.071,30
20/06/2016,79.071,30
21/06/2016,83.222,30
22/06/2016,149.158,30
23/06/2016,204.863,30
24/06/2016,143.966,30
25/06/2016,110.345,30
26/06/2016,96.701,30
27/06/2016,86.023,30
28/06/2016,78.402,30
29/06/2016,72.178,30
30/06/2016,67.676,30
1/07/2016,63.724,30
2/07/2016,60.004,30
3/07/2016,57.312,30
4/07/2016,56.075,30
5/07/2016,62.283,30
6/07/2016,57.821,30
7/07/2016,54.661,30
8/07/2016,52.487,30
9/07/2016,50.933,30
10/07/2016,49.442,30
11/07/2016,48.278,30
12/07/2016,47.537,30
13/07/2016,60.438,30
14/07/2016,259.673,10
15/07/2016,173.95,10
16/07/2016,129.699,10
17/07/2016,101.916,10
18/07/2016,85.1,10
19/07/2016,76.235,10
20/07/2016,73.111,10
21/07/2016,66.489,10
22/07/2016,62.202,10
23/07/2016,60.134,10
24/07/2016,152.829,10
25/07/2016,130,10
26/07/2016,95.208,10
27/07/2016,82.056,10
28/07/2016,87.398,10
29/07/2016,81.749,10
30/07/2016,75.254,10
31/07/2016,73.442,10
1/08/2016,66.736,10
2/08/2016,62.994,10
3/08/2016,63.66,10
4/08/2016,61.281,10
5/08/2016,58.243,10
6/08/2016,55.821,10
7/08/2016,53.64,10
8/08/2016,51.838,10
9/08/2016,50.53,10
10/08/2016,49.48,10
11/08/2016,48.572,10
12/08/2016,48.11,10
13/08/2016,49.533,10
14/08/2016,48.079,10
15/08/2016,47.378,10
16/08/2016,46.843,10
17/08/2016,46.432,10
18/08/2016,45.945,10
19/08/2016,45.606,10
20/08/2016,45.275,10
21/08/2016,44.874,10
22/08/2016,49.024,10
23/08/2016,47.398,10
24/08/2016,46.684,10
25/08/2016,46.3,10
26/08/2016,46.499,10
27/08/2016,46.055,10
28/08/2016,45.174,10
29/08/2016,44.403,10
30/08/2016,44.342,10
31/08/2016,44.088,10
1/09/2016,43.835,10
2/09/2016,43.637,10
3/09/2016,43.762,10
4/09/2016,44.453,10
5/09/2016,54.057,10
6/09/2016,63.739,10
7/09/2016,58.642,10
8/09/2016,55.859,10
9/09/2016,52.452,10
10/09/2016,50.388,10
11/09/2016,49.405,10
12/09/2016,48.501,10
13/09/2016,47.79,10
14/09/2016,47.846,10
15/09/2016,47.342,10
16/09/2016,54.782,10
17/09/2016,201.584,10
18/09/2016,124.441,10
19/09/2016,95.444,10
20/09/2016,81.51,10
21/09/2016,73.429,10
22/09/2016,67.277,10
23/09/2016,63.112,10
24/09/2016,60.457,10
25/09/2016,59.952,10
26/09/2016,62.428,10
27/09/2016,60.407,10
28/09/2016,58.465,10
29/09/2016,57.711,10
30/09/2016,57.117,10
1/10/2016,57.255,10
2/10/2016,61.322,10
3/10/2016,67.53,10
4/10/2016,67.062,10
5/10/2016,64.929,10
6/10/2016,69.038,10
7/10/2016,71.361,10
8/10/2016,65.436,10
9/10/2016,63.767,10
10/10/2016,60.031,10
11/10/2016,56.933,10
12/10/2016,63.829,10
13/10/2016,64.101,10
14/10/2016,67.418,10
15/10/2016,69.623,10
16/10/2016,64.615,10
17/10/2016,61.435,10
18/10/2016,64.438,10
19/10/2016,103.216,10
20/10/2016,122.83,10
21/10/2016,101.505,10
22/10/2016,84.558,10
23/10/2016,74.68,10
24/10/2016,69.321,10
25/10/2016,65.219,10
26/10/2016,66.594,10
27/10/2016,64.336,10
28/10/2016,63.855,10
29/10/2016,84.527,10
30/10/2016,75.382,10
31/10/2016,67.408,10
1/11/2016,62.759,10
2/11/2016,61.049,10
3/11/2016,59.912,10
4/11/2016,59.481,10
5/11/2016,57.167,10
6/11/2016,56.302,10
7/11/2016,71.602,10
8/11/2016,68.529,10
9/11/2016,76.209,10
10/11/2016,117.999,10
11/11/2016,96.301,10
12/11/2016,124.931,10
13/11/2016,110.008,10
14/11/2016,105.807,10
15/11/2016,199.412,10
16/11/2016,219.832,10
17/11/2016,194.677,10
18/11/2016,156.273,10
19/11/2016,131.171,10
20/11/2016,117.264,10
21/11/2016,103.848,10
22/11/2016,97.364,10
23/11/2016,98.298,10
24/11/2016,110.679,10
25/11/2016,117.882,10
26/11/2016,187.972,10
27/11/2016,184.402,10
28/11/2016,133.068,10
29/11/2016,128.785,10
30/11/2016,141.916,10
1/12/2016,113.808,10
2/12/2016,100.975,10
3/12/2016,92.592,10
4/12/2016,87.022,10
5/12/2016,83.656,10
6/12/2016,80.93,10
7/12/2016,87.571,10
8/12/2016,185.204,10
9/12/2016,136.842,10
10/12/2016,128.385,10
11/12/2016,145.871,10
12/12/2016,113.759,10
13/12/2016,95.196,10
14/12/2016,83.595,10
15/12/2016,165.258,10
16/12/2016,148.775,10
17/12/2016,108.697,10
18/12/2016,98.199,10
19/12/2016,175.156,10
20/12/2016,120.339,10
21/12/2016,96.435,10
22/12/2016,184.583,10
23/12/2016,181.114,10
24/12/2016,126.689,10
25/12/2016,106.745,10
26/12/2016,97.226,10
27/12/2016,91.674,10
28/12/2016,99.133,10
29/12/2016,87.607,10
30/12/2016,78.376,10
31/12/2016,74.256,10
1/01/2017,143.237,10
2/01/2017,146.677,10
3/01/2017,110.748,10
4/01/2017,111.649,10
5/01/2017,89.94,10
6/01/2017,76.958,10
7/01/2017,71.013,10
8/01/2017,66.167,10
9/01/2017,62.009,10
10/01/2017,61.804,10
11/01/2017,64.377,10
12/01/2017,155.697,10
13/01/2017,141.77,10
14/01/2017,93.941,10
15/01/2017,79.496,10
16/01/2017,76.599,10
17/01/2017,77.019,10
18/01/2017,151.895,10
19/01/2017,550.528,10
20/01/2017,250.377,10
21/01/2017,163.392,10
22/01/2017,191.362,10
23/01/2017,182.939,10
24/01/2017,155.842,10
25/01/2017,179.922,10
26/01/2017,172.587,10
27/01/2017,168.213,10
28/01/2017,152.098,10
29/01/2017,119.223,10
30/01/2017,109.909,10
31/01/2017,100.457,10
1/02/2017,202.675,10
2/02/2017,175.716,10
3/02/2017,117.515,10
4/02/2017,99.778,10
5/02/2017,94.78,10
6/02/2017,87.776,10
7/02/2017,162.354,10
8/02/2017,116.288,10
9/02/2017,90.999,10
10/02/2017,80.066,10
11/02/2017,73.533,10
12/02/2017,68.511,10
13/02/2017,147.029,10
14/02/2017,207.36,10
15/02/2017,135.178,10
16/02/2017,104.579,10
17/02/2017,90.718,10
18/02/2017,82.649,10
19/02/2017,78.522,10
20/02/2017,75.648,10
21/02/2017,75.049,10
22/02/2017,79.028,10
23/02/2017,81.879,10
24/02/2017,73.271,10
25/02/2017,69.361,10
26/02/2017,66.378,10
27/02/2017,62.415,10
28/02/2017,59.346,10
1/03/2017,57.689,10
2/03/2017,56.585,10
3/03/2017,55.201,10
4/03/2017,55.135,10
5/03/2017,53.791,10
6/03/2017,52.37,10
7/03/2017,52.897,10
8/03/2017,51.563,10
9/03/2017,49.536,10
10/03/2017,48.121,10
11/03/2017,52.553,10
12/03/2017,55.847,10
13/03/2017,58.28,10
14/03/2017,57.825,10
15/03/2017,54.442,10
16/03/2017,51.904,10
17/03/2017,50.228,10
18/03/2017,49.46,10
19/03/2017,49.668,10
20/03/2017,48.58,10
21/03/2017,48.424,10
22/03/2017,48.732,10
23/03/2017,48.525,10
24/03/2017,47.776,10
25/03/2017,47.209,10
26/03/2017,47.07,10
27/03/2017,88.255,10
28/03/2017,101.772,10
29/03/2017,71.455,10
30/03/2017,62.382,10
31/03/2017,57.681,10
1/04/2017,55.588,10
2/04/2017,65.802,10
3/04/2017,73.197,10
4/04/2017,60.794,10
5/04/2017,56.864,10
6/04/2017,65.436,10
7/04/2017,60.449,10
8/04/2017,55.767,10
9/04/2017,53.614,10
10/04/2017,52.114,10
11/04/2017,51.375,10
12/04/2017,134.874,20
13/04/2017,174.375,20
14/04/2017,235.944,20
15/04/2017,207.259,20
16/04/2017,158.635,20
17/04/2017,123.453,20
18/04/2017,102.665,20
19/04/2017,89.406,10
20/04/2017,80.433,10
21/04/2017,73.618,10
22/04/2017,68.377,10
23/04/2017,64.339,10
24/04/2017,61.248,10
25/04/2017,59.178,10
26/04/2017,57.189,10
27/04/2017,55.174,10
28/04/2017,65.694,10
29/04/2017,80.27,10
30/04/2017,65.879,10
1/05/2017,61.829,10
2/05/2017,57.907,10
3/05/2017,61.021,10
4/05/2017,106.801,10
5/05/2017,76.657,10
6/05/2017,67.228,10
7/05/2017,62.316,10
8/05/2017,59.096,10
9/05/2017,56.663,10
10/05/2017,55.626,10
11/05/2017,55.652,10
12/05/2017,57.792,10
13/05/2017,56.396,10
14/05/2017,54.229,10
15/05/2017,52.642,10
16/05/2017,51.367,10
17/05/2017,53.003,10
18/05/2017,72.586,10
19/05/2017,67.492,10
20/05/2017,61.205,10
21/05/2017,57.653,10
22/05/2017,55.332,10
23/05/2017,53.767,10
24/05/2017,53.448,10
25/05/2017,52.923,10
26/05/2017,51.675,10
27/05/2017,51.339,10
28/05/2017,51.641,10
29/05/2017,50.86,10
30/05/2017,49.96,10
31/05/2017,49.175,10
1/06/2017,48.707,10
2/06/2017,48.247,10
3/06/2017,47.697,10
4/06/2017,48.903,10
5/06/2017,47.627,10
6/06/2017,46.68,10
7/06/2017,46.113,10
8/06/2017,45.6,10
9/06/2017,45.167,10
10/06/2017,44.685,10
11/06/2017,44.274,10
12/06/2017,44.229,10
13/06/2017,47.514,10
14/06/2017,46.004,10
15/06/2017,44.673,10
16/06/2017,44.039,10
17/06/2017,43.52,10
18/06/2017,43.205,10
19/06/2017,42.724,10
20/06/2017,42.496,10
21/06/2017,42.143,10
22/06/2017,43.141,10
23/06/2017,44.142,10
24/06/2017,42.926,10
25/06/2017,42.691,10
26/06/2017,41.868,10
27/06/2017,41.53,10
28/06/2017,41.158,10
29/06/2017,40.88,10
30/06/2017,40.869,10
1/07/2017,57.549,10
2/07/2017,64.045,10
3/07/2017,57.723,10
4/07/2017,57.14,10
5/07/2017,55.894,10
6/07/2017,54.06,10
7/07/2017,52.727,10
8/07/2017,51.422,10
9/07/2017,50.824,10
10/07/2017,49.883,10
11/07/2017,50.03,10
12/07/2017,50.818,10
13/07/2017,49.952,10
14/07/2017,48.439,10
15/07/2017,46.831,10
16/07/2017,46.355,10
17/07/2017,48.665,10
18/07/2017,48.693,10
19/07/2017,47.242,10
20/07/2017,46.762,10
21/07/2017,83.657,10
22/07/2017,109.956,10
23/07/2017,75.596,10
24/07/2017,67.482,10
25/07/2017,65.391,10
26/07/2017,61.624,10
27/07/2017,67.01,10
28/07/2017,68.034,10
29/07/2017,62.125,10
30/07/2017,59.623,10
31/07/2017,58.05,10
1/08/2017,58,10
2/08/2017,57.245,10
3/08/2017,55.517,10
4/08/2017,54.105,10
5/08/2017,52.815,10
6/08/2017,54.187,10
7/08/2017,55.12,10
8/08/2017,55.035,10
9/08/2017,62.183,10
10/08/2017,73.091,10
11/08/2017,66.295,10
12/08/2017,67.872,10
13/08/2017,84.736,10
14/08/2017,104.449,10
15/08/2017,85.878,10
16/08/2017,77.349,10
17/08/2017,158.225,10
18/08/2017,235.393,10
19/08/2017,156.433,10
20/08/2017,128.564,10
21/08/2017,107.641,10
22/08/2017,91.877,10
23/08/2017,81.723,10
24/08/2017,74.938,10
25/08/2017,70.436,10
26/08/2017,67.293,10
27/08/2017,71.09,10
28/08/2017,75.615,10
29/08/2017,101.043,10
30/08/2017,89.511,10
31/08/2017,81.001,10
1/09/2017,75.347,10
2/09/2017,69.3,10
3/09/2017,65.16,10
4/09/2017,62.509,10
5/09/2017,60.733,10
6/09/2017,69.231,10
7/09/2017,91.034,10
8/09/2017,85.191,10
9/09/2017,81.101,10
10/09/2017,77.148,10
11/09/2017,69.879,10
12/09/2017,65.134,10
13/09/2017,62.528,10
14/09/2017,61.014,10
15/09/2017,88.316,10
16/09/2017,221.489,10
17/09/2017,162.958,10
18/09/2017,168.936,10
19/09/2017,146.729,10
20/09/2017,121.429,10
21/09/2017,116.459,10
22/09/2017,112.582,10
23/09/2017,101.42,10
24/09/2017,95.915,10
25/09/2017,232.495,10
26/09/2017,312.535,10
27/09/2017,193.521,10
28/09/2017,152.361,10
29/09/2017,131.64,10
30/09/2017,118.806,10
1/10/2017,107.543,10
2/10/2017,96.25,10
3/10/2017,87.895,10
4/10/2017,84.535,10
5/10/2017,83.946,10
6/10/2017,80.24,10
7/10/2017,83.534,10
8/10/2017,97.145,10
9/10/2017,96.141,10
10/10/2017,107.616,10
11/10/2017,105.261,10
12/10/2017,98.841,10
13/10/2017,92.117,10
14/10/2017,94.906,10
15/10/2017,91.406,10
16/10/2017,84.754,10
17/10/2017,83.107,10
18/10/2017,80.657,10
19/10/2017,79.391,10
20/10/2017,83.084,10
21/10/2017,89.034,10
22/10/2017,91.807,10
23/10/2017,91.272,10
24/10/2017,91.731,10
25/10/2017,82.752,10
26/10/2017,86.044,10
27/10/2017,80.263,10
28/10/2017,75.894,10
29/10/2017,74.511,10
30/10/2017,75.769,10
31/10/2017,81.452,10
1/11/2017,90.879,10
2/11/2017,97.576,10
3/11/2017,125.139,10
4/11/2017,230.841,10
5/11/2017,196.381,10
6/11/2017,146.175,10
7/11/2017,114.093,10
8/11/2017,230.04,10
9/11/2017,167.648,10
10/11/2017,128.948,10
11/11/2017,110.182,10
12/11/2017,99.559,10
13/11/2017,91.414,10
14/11/2017,85.614,10
15/11/2017,84.068,10
16/11/2017,85.038,10
17/11/2017,86.218,10
18/11/2017,84.598,10
19/11/2017,86.059,10
20/11/2017,89.336,10
21/11/2017,90.584,10
22/11/2017,91.298,10
23/11/2017,94.941,10
24/11/2017,104.591,10
25/11/2017,104.128,10
26/11/2017,98.454,10
27/11/2017,97.867,10
28/11/2017,98.428,10
29/11/2017,105.778,10
30/11/2017,111.563,10
1/12/2017,107.459,10
2/12/2017,107.263,10
3/12/2017,101.777,10
4/12/2017,97.218,10
5/12/2017,91.628,10
6/12/2017,90.41,10
7/12/2017,91.939,10
8/12/2017,90.214,10
9/12/2017,97.033,10
10/12/2017,194.24,10
11/12/2017,141.39,10
12/12/2017,110.693,10
13/12/2017,104.44,10
14/12/2017,91.5,10
15/12/2017,80.438,10
16/12/2017,76.892,10
17/12/2017,75.464,10
18/12/2017,80.884,10
19/12/2017,75.791,10
20/12/2017,71.579,10
21/12/2017,66.622,10
22/12/2017,67.367,10
23/12/2017,67.425,10
24/12/2017,66.776,10
25/12/2017,64.393,10
26/12/2017,77.879,10
27/12/2017,74.188,10
28/12/2017,63.414,10
29/12/2017,58.692,10
30/12/2017,56.739,10
31/12/2017,58.076,10
1/01/2018,81.428,10
2/01/2018,72.889,10
3/01/2018,68.09,10
4/01/2018,65.019,10
5/01/2018,67.207,10
6/01/2018,73.569,10
7/01/2018,65.754,10
8/01/2018,59.011,10
9/01/2018,59.625,10
10/01/2018,74.347,10
11/01/2018,168.811,10
12/01/2018,242.242,10
13/01/2018,166.008,10
14/01/2018,130.616,10
15/01/2018,112.376,10
16/01/2018,101.506,10
17/01/2018,109.025,10
18/01/2018,181.57,10
19/01/2018,126.785,10
20/01/2018,97.678,10
21/01/2018,91.294,10
22/01/2018,83.848,10
23/01/2018,78.442,10
24/01/2018,75.024,10
25/01/2018,73.535,10
26/01/2018,73.921,10
27/01/2018,69.67,10
28/01/2018,67.409,10
29/01/2018,67.276,10
30/01/2018,67.377,10
31/01/2018,64.034,10
1/02/2018,283.053,30
2/02/2018,393.343,30
3/02/2018,196.749,30
4/02/2018,138.017,30
5/02/2018,126.206,30
6/02/2018,130.935,30
7/02/2018,107.589,30
8/02/2018,89.275,30
9/02/2018,79.841,30
10/02/2018,74.358,30
11/02/2018,85.489,30
12/02/2018,168.501,30
13/02/2018,110.056,30
14/02/2018,93.024,30
15/02/2018,80.285,30
16/02/2018,74.19,30
17/02/2018,110.999,30
18/02/2018,142.15,30
19/02/2018,92.229,30
20/02/2018,121.806,30
21/02/2018,281.774,30
22/02/2018,185.721,30
23/02/2018,148.746,30
24/02/2018,134.533,30
25/02/2018,121.086,30
26/02/2018,265.624,30
27/02/2018,174.105,30
28/02/2018,130.942,30
1/03/2018,127.08,30
2/03/2018,122.915,30
3/03/2018,115.624,30
4/03/2018,105.008,30
5/03/2018,115.205,30
6/03/2018,110.37,30
7/03/2018,98.938,30
8/03/2018,87.537,30
9/03/2018,80.574,30
10/03/2018,76.178,30
11/03/2018,71.326,30
12/03/2018,67.763,30
13/03/2018,64.865,10
14/03/2018,64.478,10
15/03/2018,61.161,10
16/03/2018,93.929,10
17/03/2018,95.349,10
18/03/2018,71.967,10
19/03/2018,65.207,10
20/03/2018,74.536,10
21/03/2018,69.291,10
22/03/2018,86.494,10
23/03/2018,75.559,10
24/03/2018,70.766,10
25/03/2018,83.768,10
26/03/2018,84.602,10
27/03/2018,105.973,10
28/03/2018,256.201,10
29/03/2018,127.174,10
30/03/2018,97.136,10
31/03/2018,85.083,10
1/04/2018,88.225,10
2/04/2018,75.103,10
3/04/2018,104.277,10
4/04/2018,100.914,10
5/04/2018,96.425,10
6/04/2018,78.765,10
7/04/2018,80.333,10
8/04/2018,75.753,10
9/04/2018,73.375,10
10/04/2018,78.81,10
11/04/2018,67.43,10
12/04/2018,62.047,10
13/04/2018,59.332,10
14/04/2018,56.857,10
15/04/2018,55.069,10
16/04/2018,157.798,10
17/04/2018,242.53,10
18/04/2018,215.101,10
19/04/2018,143.723,10
20/04/2018,124.946,10
21/04/2018,128.764,10
22/04/2018,119.756,10
23/04/2018,97.62,10
24/04/2018,84.767,10
25/04/2018,76.778,10
26/04/2018,70.961,10
27/04/2018,66.497,10
28/04/2018,74.428,10
29/04/2018,150.714,10
30/04/2018,218.093,10
1/05/2018,160.783,10
2/05/2018,133.939,10
3/05/2018,113.979,10
4/05/2018,100.27,10
5/05/2018,90.818,10
6/05/2018,106.292,10
7/05/2018,107.678,10
8/05/2018,96.347,10
9/05/2018,120.258,10
10/05/2018,99.841,10
11/05/2018,86.837,10
12/05/2018,132.279,10
13/05/2018,107.667,10
14/05/2018,88.076,10
15/05/2018,78.701,10
16/05/2018,72.738,10
17/05/2018,73.606,10
18/05/2018,65.437,10
19/05/2018,62.055,10
20/05/2018,60.778,10
21/05/2018,100.401,10
22/05/2018,92.949,10
23/05/2018,159.305,10
24/05/2018,103.901,10
25/05/2018,89.487,10
26/05/2018,77.395,10
27/05/2018,70.67,10
28/05/2018,65.904,10
29/05/2018,62.46,10
30/05/2018,60.195,10
31/05/2018,58.469,10
1/06/2018,56.566,10
2/06/2018,55.187,10
3/06/2018,54.078,10
4/06/2018,53.009,10
5/06/2018,52.316,10
6/06/2018,53.319,10
7/06/2018,52.011,10
8/06/2018,50.737,10
9/06/2018,49.592,10
10/06/2018,49.009,10
11/06/2018,50.576,10
12/06/2018,51.67,10
13/06/2018,52.665,10
14/06/2018,51.793,10
15/06/2018,50.865,10
16/06/2018,50.935,10
17/06/2018,50.323,10
18/06/2018,49.705,10
19/06/2018,49.061,10
20/06/2018,48.49,10
21/06/2018,47.946,10
22/06/2018,47.348,10
23/06/2018,46.776,10
24/06/2018,50.371,10
25/06/2018,53.428,10
26/06/2018,49.344,10
27/06/2018,47.667,10
28/06/2018,46.842,10
29/06/2018,46.763,10
30/06/2018,45.581,10
1/07/2018,45.309,10
2/07/2018,45.186,10
3/07/2018,44.713,10
4/07/2018,44.106,10
5/07/2018,43.794,10
6/07/2018,43.46,10
7/07/2018,52.892,10
8/07/2018,59.517,10
9/07/2018,116.86,10
10/07/2018,95.054,10
11/07/2018,76.735,10
12/07/2018,68.446,10
13/07/2018,63.005,10
14/07/2018,60.32,10
15/07/2018,58.127,10
16/07/2018,56.668,10
17/07/2018,55.063,10
18/07/2018,53.25,10
19/07/2018,52.251,10
20/07/2018,50.823,10
21/07/2018,51.529,10
22/07/2018,76.058,10
23/07/2018,70.493,10
24/07/2018,61.655,10
25/07/2018,57.963,10
26/07/2018,56.109,10
27/07/2018,54.448,10
28/07/2018,53.262,10
29/07/2018,54.705,10
30/07/2018,54.796,10
31/07/2018,53.498,10
1/08/2018,54.287,10
2/08/2018,55.724,10
3/08/2018,58.042,10
4/08/2018,55.877,10
5/08/2018,53.327,10
6/08/2018,51.878,10
7/08/2018,50.596,10
8/08/2018,52.839,10
9/08/2018,56.123,10
10/08/2018,54.687,10
11/08/2018,53.123,10
12/08/2018,51.901,10
13/08/2018,50.56,10
14/08/2018,50.193,10
15/08/2018,49.766,10
16/08/2018,48.616,10
17/08/2018,49.185,10
18/08/2018,48.32,10
19/08/2018,47.199,10
20/08/2018,46.892,10
21/08/2018,46.495,10
22/08/2018,45.688,10
23/08/2018,45.063,10
24/08/2018,44.711,10
25/08/2018,44.2,10
26/08/2018,43.682,10
27/08/2018,43.167,10
28/08/2018,42.726,10
29/08/2018,43.406,10
30/08/2018,43.07,10
31/08/2018,42.127,10
1/09/2018,41.916,10
2/09/2018,41.595,10
3/09/2018,46.895,10
4/09/2018,43.417,10
5/09/2018,42.481,10
6/09/2018,41.933,10
7/09/2018,41.536,10
8/09/2018,41.229,10
9/09/2018,40.998,10
10/09/2018,40.714,10
11/09/2018,40.525,10
12/09/2018,40.314,10
13/09/2018,39.763,10
14/09/2018,42.256,10
15/09/2018,43.448,10
16/09/2018,42.801,10
17/09/2018,46.26,10
18/09/2018,51.478,10
19/09/2018,48.201,10
20/09/2018,46.553,10
21/09/2018,45.786,10
22/09/2018,45.492,10
23/09/2018,44.966,10
24/09/2018,45.605,10
25/09/2018,45.724,10
26/09/2018,44.214,10
27/09/2018,43.668,10
28/09/2018,43.177,10
29/09/2018,42.449,10
30/09/2018,42.247,10
1/10/2018,42.187,10
2/10/2018,42.154,10
3/10/2018,42.111,10
4/10/2018,41.655,10
5/10/2018,41.965,10
6/10/2018,42.304,10
7/10/2018,41.796,10
8/10/2018,41.914,10
9/10/2018,42.013,10
10/10/2018,41.466,10
11/10/2018,45.62,10
12/10/2018,47.889,10
13/10/2018,47.316,10
14/10/2018,45.162,10
15/10/2018,44.76,10
16/10/2018,45.141,10
17/10/2018,45.173,10
18/10/2018,45.368,10
19/10/2018,46.123,10
20/10/2018,46.825,10
21/10/2018,47.623,10
22/10/2018,50.351,10
23/10/2018,53.33,10
24/10/2018,57.854,10
25/10/2018,72.993,10
26/10/2018,88.929,10
27/10/2018,76.736,10
28/10/2018,69.017,10
29/10/2018,68.85,10
30/10/2018,76.277,30
31/10/2018,75.356,30
1/11/2018,74.112,30
2/11/2018,69.093,30
3/11/2018,68.05,30
4/11/2018,212.983,30
5/11/2018,140.84,30
6/11/2018,110.869,30
7/11/2018,100.279,30
8/11/2018,411.196,30
9/11/2018,1398.2,30
10/11/2018,468.169,30
11/11/2018,306.337,30
12/11/2018,225.866,30
13/11/2018,180.476,30
14/11/2018,156.21,30
15/11/2018,141.833,10
16/11/2018,129.378,10
17/11/2018,127.695,10
18/11/2018,132.863,10
19/11/2018,124.565,10
20/11/2018,123.789,10
21/11/2018,108.807,10
22/11/2018,107.283,10
23/11/2018,103.469,10
24/11/2018,101.347,10
25/11/2018,116.991,10
26/11/2018,166.774,10
27/11/2018,161.332,10
28/11/2018,140.789,10
29/11/2018,127.003,10
30/11/2018,120.59,10
1/12/2018,117.379,10
2/12/2018,112.338,10
3/12/2018,110.657,10
4/12/2018,114.888,10
5/12/2018,163.394,10
6/12/2018,140.044,10
7/12/2018,116.03,10
8/12/2018,105.308,10
9/12/2018,101.196,10
10/12/2018,99.546,10
11/12/2018,99.631,10
12/12/2018,103.714,10
13/12/2018,104.883,10
14/12/2018,107.512,10
15/12/2018,108.739,10
16/12/2018,107.584,10
17/12/2018,106.862,10
18/12/2018,107.726,10
19/12/2018,220.628,30
20/12/2018,172.272,30
21/12/2018,134.976,30
22/12/2018,123.574,30
23/12/2018,113.094,30
24/12/2018,103.203,30
25/12/2018,97.501,30
26/12/2018,95.274,30
27/12/2018,92.04,30
28/12/2018,87.428,30
29/12/2018,82.825,30
30/12/2018,83.308,30
31/12/2018,96.725,30
1/01/2019,98.778,30
2/01/2019,89.286,30
3/01/2019,102.11,30
4/01/2019,89.618,30
5/01/2019,81.692,30
6/01/2019,86.324,30
7/01/2019,147.984,30
8/01/2019,100.693,30
9/01/2019,84.668,30
10/01/2019,101.364,30
11/01/2019,104.059,30
12/01/2019,83.345,30
13/01/2019,75.315,30
14/01/2019,78.215,30
15/01/2019,69.732,30
16/01/2019,64.592,10
17/01/2019,62.643,10
18/01/2019,64.02,10
19/01/2019,65.645,10
20/01/2019,205.947,10
21/01/2019,109.293,10
22/01/2019,87.169,10
23/01/2019,123.52,10
24/01/2019,297.269,30
25/01/2019,128.357,30
26/01/2019,96.087,30
27/01/2019,91.891,30
28/01/2019,118.75,30
29/01/2019,111.366,30
30/01/2019,85.444,30
31/01/2019,79.227,30
1/02/2019,83.197,30
2/02/2019,107.529,30
3/02/2019,76.545,30
4/02/2019,67.249,30
5/02/2019,62.55,30
6/02/2019,62.43,30
7/02/2019,60.04,30
8/02/2019,57.308,10
9/02/2019,55.486,10
10/02/2019,55.545,10
11/02/2019,55.341,10
12/02/2019,54.308,10
13/02/2019,56.463,10
14/02/2019,55.688,10
15/02/2019,81.458,10
16/02/2019,66.409,10
17/02/2019,58.223,10
18/02/2019,54.578,10
19/02/2019,52.494,10
20/02/2019,67.589,10
21/02/2019,73.717,10
22/02/2019,183.139,30
23/02/2019,112.857,30
24/02/2019,83.512,30
25/02/2019,68.593,30
26/02/2019,60.892,30
27/02/2019,57.709,30
28/02/2019,61.774,30
1/03/2019,57.172,30
2/03/2019,53.872,30
3/03/2019,51.912,30
4/03/2019,50.513,30
5/03/2019,49.725,30
6/03/2019,49.413,30
7/03/2019,49.426,30
8/03/2019,84.224,30
9/03/2019,72.999,30
10/03/2019,59.43,30
11/03/2019,54.964,30
12/03/2019,53.187,30
13/03/2019,56.326,10
14/03/2019,62.735,10
15/03/2019,59.523,10
16/03/2019,107.482,10
17/03/2019,91.827,10
18/03/2019,69.75,10
19/03/2019,62.202,10
20/03/2019,58.08,10
21/03/2019,55.161,10
22/03/2019,53.023,10
23/03/2019,51.008,10
24/03/2019,49.498,10
25/03/2019,48.615,10
26/03/2019,393.03,10
27/03/2019,684.776,10
28/03/2019,249.673,10
29/03/2019,153.509,10
30/03/2019,117.677,10
31/03/2019,99.379,10
1/04/2019,204.462,10
2/04/2019,158.048,10
3/04/2019,107.102,10
4/04/2019,89.356,10
5/04/2019,81,10
6/04/2019,73.518,10
7/04/2019,67.626,10
8/04/2019,63.285,10
9/04/2019,59.713,10
10/04/2019,68.54,10
11/04/2019,211.411,10
12/04/2019,122.252,10
13/04/2019,93.08,10
14/04/2019,80.09,10
15/04/2019,72.656,10
16/04/2019,67.418,10
17/04/2019,62.9,10
18/04/2019,59.192,10
19/04/2019,56.448,10
20/04/2019,54.823,10
21/04/2019,79.634,10
22/04/2019,88.397,10
23/04/2019,74.982,10
24/04/2019,68.053,10
25/04/2019,63.32,10
26/04/2019,60.414,10
27/04/2019,107.544,10
28/04/2019,177.376,10
29/04/2019,170.593,10
30/04/2019,135.029,10
1/05/2019,103.865,10
2/05/2019,89.692,10
3/05/2019,81.342,10
4/05/2019,75.096,10
5/05/2019,70.862,10
6/05/2019,68.331,10
7/05/2019,64.526,10
8/05/2019,61.412,10
9/05/2019,70.057,10
10/05/2019,109.641,10
11/05/2019,81.157,10
12/05/2019,69.805,10
13/05/2019,132.67,10
14/05/2019,98.272,10
15/05/2019,111.271,10
16/05/2019,98.305,10
17/05/2019,84.324,10
18/05/2019,75.67,10
19/05/2019,72.969,10
20/05/2019,68.236,10
21/05/2019,63.648,10
22/05/2019,60.247,10
23/05/2019,57.541,10
24/05/2019,55.527,10
25/05/2019,53.734,10
26/05/2019,52.23,10
27/05/2019,66.529,10
28/05/2019,128.171,10
29/05/2019,141.772,10
30/05/2019,301.964,10
31/05/2019,352.998,10
1/06/2019,213.433,10
2/06/2019,144.46,10
3/06/2019,115.093,10
4/06/2019,102.327,10
5/06/2019,93.38,10
6/06/2019,86.172,10
7/06/2019,84.73,10
8/06/2019,76.175,10
9/06/2019,70.992,10
10/06/2019,66.718,10
11/06/2019,63.755,10
12/06/2019,62.87,10
13/06/2019,64.346,10
14/06/2019,63.224,10
15/06/2019,61.497,10
16/06/2019,59.945,10
17/06/2019,57.744,10
18/06/2019,55.864,10
19/06/2019,54.081,10
20/06/2019,52.737,10
21/06/2019,53.144,10
22/06/2019,51.488,10
23/06/2019,50.622,10
24/06/2019,49.553,10
25/06/2019,48.54,10
26/06/2019,47.709,10
27/06/2019,46.823,10
28/06/2019,46.081,10
29/06/2019,45.509,10
30/06/2019,45.083,10
1/07/2019,44.822,10
2/07/2019,44.676,10
3/07/2019,53.464,10
4/07/2019,80.738,10
5/07/2019,64.721,10
6/07/2019,56.486,10
7/07/2019,52.744,10
8/07/2019,50.572,10
9/07/2019,49.028,10
10/07/2019,47.929,10
11/07/2019,47.662,10
12/07/2019,47.089,10
13/07/2019,50.113,10
14/07/2019,112.286,10
15/07/2019,104.027,10
16/07/2019,87.722,10
17/07/2019,77.486,10
18/07/2019,68.709,40
19/07/2019,64.223,10
20/07/2019,66.904,40
21/07/2019,77.709,40
22/07/2019,73.58,10
23/07/2019,66.675,10
24/07/2019,62.373,10
25/07/2019,59.256,10
26/07/2019,56.806,10
27/07/2019,54.974,10
28/07/2019,53.421,10
29/07/2019,52.186,10
30/07/2019,51.277,10
31/07/2019,58.814,10
1/08/2019,54.617,10
2/08/2019,52.189,10
3/08/2019,50.887,10
4/08/2019,51.263,10
5/08/2019,49.838,10
6/08/2019,48.839,10
7/08/2019,48.154,10
8/08/2019,47.544,10
9/08/2019,47.951,10
10/08/2019,50.66,10
11/08/2019,50.872,10
12/08/2019,49.269,10
13/08/2019,47.996,10
14/08/2019,47.123,10
15/08/2019,46.456,10
16/08/2019,45.982,10
17/08/2019,49.671,10
18/08/2019,48.709,10
19/08/2019,47.354,10
20/08/2019,46.816,10
21/08/2019,48.276,10
22/08/2019,47.982,10
23/08/2019,47.53,10
24/08/2019,47.325,10
25/08/2019,46.386,10
26/08/2019,47.176,10
27/08/2019,47.378,10
28/08/2019,45.895,10
29/08/2019,45.109,10
30/08/2019,45.115,10
31/08/2019,44.452,10
1/09/2019,43.956,10
2/09/2019,43.558,10
3/09/2019,43.361,10
4/09/2019,43.537,10
5/09/2019,43.405,10
6/09/2019,43.389,10
7/09/2019,43.333,10
8/09/2019,42.707,10
9/09/2019,42.47,10
10/09/2019,41.886,10
11/09/2019,41.431,10
12/09/2019,41.209,10
13/09/2019,41.31,10
14/09/2019,42.285,10
15/09/2019,41.473,10
16/09/2019,40.693,10
17/09/2019,42.985,10
18/09/2019,42.402,10
19/09/2019,41.728,10
20/09/2019,41.27,10
21/09/2019,40.855,10
22/09/2019,40.806,10
23/09/2019,40.355,10
24/09/2019,41.107,10
25/09/2019,41.58,10
26/09/2019,41.237,10
27/09/2019,40.623,10
28/09/2019,40.073,10
29/09/2019,39.678,10
30/09/2019,61.535,10
1/10/2019,77.102,10
2/10/2019,63.97,10
3/10/2019,57.55,10
4/10/2019,53.675,10
5/10/2019,53.69,10
6/10/2019,53.481,10
7/10/2019,51.621,10
8/10/2019,50.627,10
9/10/2019,63.771,10
10/10/2019,153.179,10
11/10/2019,125.196,10
12/10/2019,103.893,10
13/10/2019,90.579,10
14/10/2019,81.588,10
15/10/2019,75.243,10
16/10/2019,70.425,10
17/10/2019,66.969,10
18/10/2019,70.704,10
19/10/2019,85.769,10
20/10/2019,82.314,10
21/10/2019,84.517,10
22/10/2019,83.145,10
23/10/2019,76.91,10
24/10/2019,69.994,10
25/10/2019,65.766,10
26/10/2019,61.809,10
27/10/2019,61.873,10
28/10/2019,98.565,10
29/10/2019,93.97,10
30/10/2019,82.266,10
31/10/2019,74.738,10
1/11/2019,68.846,10
2/11/2019,64.588,10
3/11/2019,67.178,10
4/11/2019,81.394,10
5/11/2019,86.264,10
6/11/2019,100.534,10
7/11/2019,190.457,10
8/11/2019,321.894,10
9/11/2019,289.93,10
10/11/2019,391.239,10
11/11/2019,307.084,10
12/11/2019,204.916,10
13/11/2019,157.189,10
14/11/2019,258.604,10
15/11/2019,191.856,10
16/11/2019,231.048,10
17/11/2019,310.667,10
18/11/2019,213.591,10
19/11/2019,179.388,10
20/11/2019,181.807,10
21/11/2019,144.276,10
22/11/2019,123.126,10
23/11/2019,115.061,10
24/11/2019,124.532,10
25/11/2019,142.697,10
26/11/2019,121.522,10
27/11/2019,110.991,10
28/11/2019,149.149,10
29/11/2019,142.481,10
30/11/2019,124.919,10
1/12/2019,122.988,10
2/12/2019,221.796,10
3/12/2019,747.385,10
4/12/2019,682.666,10
5/12/2019,566.823,10
6/12/2019,434.448,10
7/12/2019,1707.534,10
8/12/2019,883.026,10
9/12/2019,527.34,10
10/12/2019,353.279,10
11/12/2019,272.426,10
12/12/2019,234.824,20
13/12/2019,212.909,20
14/12/2019,197.226,10
15/12/2019,172.307,20
16/12/2019,174.11,10
17/12/2019,203.744,10
18/12/2019,220.317,30
19/12/2019,179.253,30
20/12/2019,272.902,30
21/12/2019,206.925,30
22/12/2019,167.6,30
23/12/2019,153.76,30
24/12/2019,141.972,30
25/12/2019,131.212,30
26/12/2019,127.117,30
27/12/2019,118.826,30
28/12/2019,112.572,30
29/12/2019,105.287,30
30/12/2019,98.583,30
31/12/2019,98.614,30
1/01/2020,102.15,30
2/01/2020,101.305,30
3/01/2020,110.328,30
4/01/2020,100.729,30
5/01/2020,92.507,30
6/01/2020,88.349,30
7/01/2020,81.514,30
8/01/2020,76.861,30
9/01/2020,74.149,30
10/01/2020,72.176,30
11/01/2020,70.417,30
12/01/2020,156.282,30
13/01/2020,185.635,30
14/01/2020,116.18,30
15/01/2020,95.595,10
16/01/2020,88.636,10
17/01/2020,84.883,10
18/01/2020,84.223,20
19/01/2020,82.957,20
20/01/2020,80.353,20
21/01/2020,79.858,10
22/01/2020,79.822,10
23/01/2020,76.079,10
24/01/2020,78.385,30
25/01/2020,75.112,30
26/01/2020,75.347,30
27/01/2020,79.478,10
28/01/2020,91.82,20
29/01/2020,81.194,20
30/01/2020,88.984,20
31/01/2020,85.562,20
1/02/2020,92.587,20
2/02/2020,81.352,20
3/02/2020,121.446,20
4/02/2020,349.642,20
5/02/2020,425.238,20
6/02/2020,174.958,20
7/02/2020,126.567,20
8/02/2020,105.992,20
9/02/2020,92.634,20
10/02/2020,82.83,20
11/02/2020,79.798,20
12/02/2020,76.698,20
13/02/2020,73.783,20
14/02/2020,72.452,20
15/02/2020,70.558,20
16/02/2020,69.247,20
17/02/2020,221.961,20
18/02/2020,128.322,20
19/02/2020,99.204,20
20/02/2020,85.947,20
21/02/2020,83.302,20
22/02/2020,132.4,20
23/02/2020,104.136,20
24/02/2020,82.201,20
25/02/2020,73.264,20
26/02/2020,66.395,20
27/02/2020,67.318,20
28/02/2020,72.998,20
29/02/2020,286.825,10
1/03/2020,134.412,10
2/03/2020,96.801,10
3/03/2020,110.656,10
4/03/2020,206.687,30
5/03/2020,109.674,30
6/03/2020,90.448,30
7/03/2020,80.375,30
8/03/2020,76.218,30
9/03/2020,98.658,30
10/03/2020,87.4,30
11/03/2020,75.593,30
12/03/2020,67.869,30
13/03/2020,62.589,30
14/03/2020,58.856,30
15/03/2020,55.586,30
16/03/2020,53.635,30
17/03/2020,54.072,30
18/03/2020,52.039,10
19/03/2020,50.504,10
20/03/2020,49.671,10
21/03/2020,53.314,30
22/03/2020,105.847,30
23/03/2020,74.192,30
24/03/2020,65.041,30
25/03/2020,58.623,30
26/03/2020,55.87,30
27/03/2020,66.07,30
28/03/2020,64.164,30
29/03/2020,60.128,30
30/03/2020,60.009,30
31/03/2020,60.158,30
1/04/2020,57.754,30
2/04/2020,56.382,30
3/04/2020,55.318,30
4/04/2020,53.928,30
5/04/2020,53.073,30
6/04/2020,51.716,30
7/04/2020,52.223,30
8/04/2020,69.055,30
9/04/2020,58.568,30
10/04/2020,55.127,30
11/04/2020,54.115,30
12/04/2020,52.808,30
13/04/2020,201.725,30
14/04/2020,123.582,30
15/04/2020,89.513,30
16/04/2020,76.437,30
17/04/2020,71.133,30
18/04/2020,86.771,30
19/04/2020,119.216,30
20/04/2020,108.074,30
21/04/2020,89.035,30
22/04/2020,79.751,30
23/04/2020,77.48,30
24/04/2020,72.218,30
25/04/2020,67.423,30
26/04/2020,67.697,30
27/04/2020,68.071,30
28/04/2020,126.121,30
29/04/2020,87.508,30
30/04/2020,74.09,30
1/05/2020,67.764,30
2/05/2020,64.009,30
3/05/2020,232.453,30
4/05/2020,236.288,30
5/05/2020,168.964,30
6/05/2020,127.184,30
7/05/2020,106.676,30
8/05/2020,93.086,30
9/05/2020,84.819,30
10/05/2020,77.242,30
11/05/2020,70.536,30
12/05/2020,75.163,30
13/05/2020,81.527,30
14/05/2020,82.964,30
15/05/2020,73.251,30
16/05/2020,67.77,30
17/05/2020,63.146,30
18/05/2020,60.154,30
19/05/2020,57.833,30
20/05/2020,57.967,30
21/05/2020,57.159,30
22/05/2020,55.847,30
23/05/2020,56.276,30
24/05/2020,54.03,30
25/05/2020,55.069,30
26/05/2020,51.157,30
27/05/2020,49.223,10
28/05/2020,48.262,10
29/05/2020,47.469,10
30/05/2020,46.737,10
31/05/2020,45.872,10
1/06/2020,45.202,10
2/06/2020,44.632,10
3/06/2020,44.122,10
4/06/2020,44.232,10
5/06/2020,43.793,10
6/06/2020,43.98,10
7/06/2020,43.884,10
8/06/2020,42.776,10
9/06/2020,42.244,10
10/06/2020,41.919,10
11/06/2020,41.655,10
12/06/2020,41.965,10
13/06/2020,41.545,10
14/06/2020,41.052,10
15/06/2020,40.798,10
16/06/2020,43.657,10
17/06/2020,47.11,10
18/06/2020,48.412,10
19/06/2020,47.508,10
20/06/2020,46.137,10
21/06/2020,45.478,10
22/06/2020,44.873,10
23/06/2020,44.276,10
24/06/2020,43.818,10
25/06/2020,43.54,10
26/06/2020,43.163,10
27/06/2020,42.632,10
28/06/2020,45.617,10
29/06/2020,57.281,10
30/06/2020,49.964,10
1/07/2020,47.655,10
2/07/2020,46.178,10
3/07/2020,45.176,10
4/07/2020,44.737,10
5/07/2020,46.449,10
6/07/2020,47.835,10
7/07/2020,49.331,10
8/07/2020,49.87,10
9/07/2020,49.185,10
10/07/2020,48.551,10
11/07/2020,47.912,10
12/07/2020,47.289,10
13/07/2020,47.412,10
14/07/2020,46.971,10
15/07/2020,46.509,10
16/07/2020,46.017,10
17/07/2020,45.466,10
18/07/2020,44.84,10
19/07/2020,44.247,10
20/07/2020,43.837,10
21/07/2020,46.66,10
22/07/2020,47.498,10
23/07/2020,46.735,10
24/07/2020,46.36,10
25/07/2020,45.956,10
26/07/2020,45.475,10
27/07/2020,44.945,10
28/07/2020,44.452,10
29/07/2020,43.914,10
30/07/2020,43.463,10
31/07/2020,42.894,10
1/08/2020,42.495,10
2/08/2020,42.089,10
3/08/2020,41.927,10
4/08/2020,41.775,10
5/08/2020,41.617,10
6/08/2020,41.485,10
7/08/2020,41.831,10
8/08/2020,42.731,10
9/08/2020,42.762,10
10/08/2020,42.455,10
11/08/2020,42.274,10
12/08/2020,42.111,10
13/08/2020,41.803,10
14/08/2020,41.509,10
15/08/2020,41.076,10
16/08/2020,40.785,10
17/08/2020,40.487,10
18/08/2020,40.226,10
19/08/2020,42.236,10
20/08/2020,42.599,10
21/08/2020,41.812,10
22/08/2020,41.791,10
23/08/2020,41.454,10
24/08/2020,42.116,10
25/08/2020,42.232,10
26/08/2020,41.938,10
27/08/2020,41.501,10
28/08/2020,41.336,10
29/08/2020,41.103,10
30/08/2020,40.485,10
31/08/2020,40.531,10
1/09/2020,47.289,10
2/09/2020,46.729,10
3/09/2020,44.117,10
4/09/2020,43.523,10
5/09/2020,43.928,10
6/09/2020,43.949,10
7/09/2020,43.986,10
8/09/2020,43.754,10
9/09/2020,43.312,10
10/09/2020,44.905,10
11/09/2020,44.431,10
12/09/2020,43.446,10
13/09/2020,42.876,10
14/09/2020,44.918,10
15/09/2020,95.253,10
16/09/2020,78.153,10
17/09/2020,78.103,10
18/09/2020,155.951,10
19/09/2020,110.201,10
20/09/2020,94,10
21/09/2020,83.881,10
22/09/2020,76.445,10
23/09/2020,92.425,10
24/09/2020,111.783,10
25/09/2020,98.378,10
26/09/2020,90.962,10
27/09/2020,171.373,10
28/09/2020,172.547,10
29/09/2020,124.151,10
30/09/2020,101.642,10
1/10/2020,88.895,10
2/10/2020,80.983,10
3/10/2020,80.554,10
4/10/2020,94.934,10
5/10/2020,96.64,10
6/10/2020,92.626,10
7/10/2020,104.467,10
8/10/2020,93.658,10
9/10/2020,82.667,10
10/10/2020,75.422,10
11/10/2020,154.965,10
12/10/2020,271.145,10
13/10/2020,187.604,10
14/10/2020,148.391,10
15/10/2020,126.896,10
16/10/2020,108.545,10
17/10/2020,96.198,10
18/10/2020,87.242,10
19/10/2020,82.307,10
20/10/2020,90.332,10
21/10/2020,86.116,10
22/10/2020,79.817,10
23/10/2020,75.256,10
24/10/2020,71.958,10
25/10/2020,71.003,10
26/10/2020,263.957,10
27/10/2020,315.783,10
28/10/2020,178.143,10
29/10/2020,137.689,10
30/10/2020,125.267,10
31/10/2020,203.196,10
1/11/2020,261.261,10
2/11/2020,160.438,10
3/11/2020,128.048,10
4/11/2020,123.664,10
5/11/2020,252.209,10
6/11/2020,283.828,10
7/11/2020,182.743,10
8/11/2020,193.554,10
9/11/2020,151.945,10
10/11/2020,127.536,10
11/11/2020,115.892,10
12/11/2020,106.555,10
13/11/2020,100.679,10
14/11/2020,97.732,10
15/11/2020,94.334,10
16/11/2020,94.378,10
17/11/2020,102.83,10
18/11/2020,149.3,10
19/11/2020,116.592,10
20/11/2020,100.2,10
21/11/2020,90.961,10
22/11/2020,86.417,10
23/11/2020,80.914,10
24/11/2020,76.582,10
25/11/2020,72.993,10
26/11/2020,70.255,10
27/11/2020,70.055,10
28/11/2020,76.526,10
29/11/2020,70.116,10
30/11/2020,72.737,10
1/12/2020,83.735,10
2/12/2020,76.055,10
3/12/2020,80.981,10
4/12/2020,75.71,10
5/12/2020,77.404,10
6/12/2020,76.233,10
7/12/2020,77.409,10
8/12/2020,88.794,10
9/12/2020,89.395,10
10/12/2020,79.2,10
11/12/2020,86.101,10
12/12/2020,91.908,10
13/12/2020,78.236,10
14/12/2020,72.302,10
15/12/2020,69.32,10
16/12/2020,68.99,10
17/12/2020,68.975,10
18/12/2020,68.192,10
19/12/2020,70.199,10
20/12/2020,69.785,10
21/12/2020,72.488,10
22/12/2020,84.363,10
23/12/2020,81.627,10
24/12/2020,118.084,10
25/12/2020,111.013,10
26/12/2020,88.806,10
27/12/2020,78.994,10
28/12/2020,71.47,10
29/12/2020,66.522,10
30/12/2020,63.88,10
31/12/2020,63.176,10
1/01/2021,62.912,10
2/01/2021,68.811,10
3/01/2021,67.118,10
4/01/2021,65.145,10
5/01/2021,62.003,10
6/01/2021,86.924,10
7/01/2021,89.39,10
8/01/2021,92.108,10
9/01/2021,84.794,10
10/01/2021,78.503,10
11/01/2021,71.55,10
12/01/2021,67.829,10
13/01/2021,65.191,10
14/01/2021,63.85,10
15/01/2021,62.908,10
16/01/2021,62.002,10
17/01/2021,63.177,10
18/01/2021,101.286,10
19/01/2021,118.264,10
20/01/2021,186.832,10
21/01/2021,124.814,10
22/01/2021,107.919,10
23/01/2021,98.085,10
24/01/2021,114.411,10
25/01/2021,94.275,10
26/01/2021,88.791,10
27/01/2021,84.546,10
28/01/2021,100.734,10
29/01/2021,106.607,10
30/01/2021,85.041,10
31/01/2021,75.479,10
1/02/2021,70.177,10
2/02/2021,67.101,10
3/02/2021,64.821,10
4/02/2021,63.663,10
5/02/2021,62.187,10
6/02/2021,59.804,10
7/02/2021,58.172,10
8/02/2021,56.187,10
9/02/2021,59.811,10
10/02/2021,142.672,10
11/02/2021,101.304,10
12/02/2021,82.117,10
13/02/2021,71.472,10
14/02/2021,64.621,10
15/02/2021,60.882,10
16/02/2021,59.25,10
17/02/2021,57.241,10
18/02/2021,55.089,10
19/02/2021,53.612,10
20/02/2021,52.556,10
21/02/2021,51.916,10
22/02/2021,51.172,10
23/02/2021,50.283,10
24/02/2021,50.87,10
25/02/2021,84.913,10
26/02/2021,65.75,10
27/02/2021,57.7,10
28/02/2021,55.03,10
1/03/2021,53.376,10
